duty cycle (-)	amplitude (Pa)	normalized firing rate (-)
0.0	10000.0	
0.0	11106.919438024492	
0.0	12336.365940276655	
0.0	13701.902265664208	
0.0	15218.592461241791	
0.0	16903.168042713947	
0.0	18774.21256978144	
0.0	20852.36665249092	
0.0	23160.555650136557	
0.0	25724.24257459497	
0.0	28571.708988022667	
0.0	31734.366993664804	
0.0	35247.10576153392	
0.0	39148.67641168862	
0.0	43482.11950099161	
0.0	48295.23982920676	
0.0	53641.13380230722	
0.0	59578.77517065188	
0.0	66173.66560366057	
0.0	73498.55727786303	
0.0	81634.25544962553	
0.0	90670.50986621024	
0.0	100707.0048488604	
0.0	111854.45897010346	
0.0	124235.84645647575	
0.0	137987.75379068567	
0.0	153261.88647871045	
0.0	170226.74260386958	
0.0	189069.4716298515	
0.0	209997.9389582617	
0.0	233243.01901605987	
0.0	259061.14216929968	
0.0	287737.1235597027	
0.0	319587.3050706517	
0.0	354963.04508350854	
0.0	394254.5945218393	
0.0	437895.401942509	
0.0	486366.8951656802	
0.0	540203.7921927313	
0.0	600000.0000000003	
0.02564102564102564	10000.0	
0.02564102564102564	11106.919438024492	
0.02564102564102564	12336.365940276655	
0.02564102564102564	13701.902265664208	
0.02564102564102564	15218.592461241791	
0.02564102564102564	16903.168042713947	
0.02564102564102564	18774.21256978144	
0.02564102564102564	20852.36665249092	
0.02564102564102564	23160.555650136557	
0.02564102564102564	25724.24257459497	
0.02564102564102564	28571.708988022667	
0.02564102564102564	31734.366993664804	
0.02564102564102564	35247.10576153392	
0.02564102564102564	39148.67641168862	
0.02564102564102564	43482.11950099161	
0.02564102564102564	48295.23982920676	
0.02564102564102564	53641.13380230722	
0.02564102564102564	59578.77517065188	
0.02564102564102564	66173.66560366057	
0.02564102564102564	73498.55727786303	
0.02564102564102564	81634.25544962553	
0.02564102564102564	90670.50986621024	
0.02564102564102564	100707.0048488604	
0.02564102564102564	111854.45897010346	
0.02564102564102564	124235.84645647575	
0.02564102564102564	137987.75379068567	
0.02564102564102564	153261.88647871045	
0.02564102564102564	170226.74260386958	
0.02564102564102564	189069.4716298515	
0.02564102564102564	209997.9389582617	
0.02564102564102564	233243.01901605987	
0.02564102564102564	259061.14216929968	
0.02564102564102564	287737.1235597027	
0.02564102564102564	319587.3050706517	
0.02564102564102564	354963.04508350854	
0.02564102564102564	394254.5945218393	
0.02564102564102564	437895.401942509	
0.02564102564102564	486366.8951656802	
0.02564102564102564	540203.7921927313	
0.02564102564102564	600000.0000000003	
0.05128205128205128	10000.0	
0.05128205128205128	11106.919438024492	
0.05128205128205128	12336.365940276655	
0.05128205128205128	13701.902265664208	
0.05128205128205128	15218.592461241791	
0.05128205128205128	16903.168042713947	
0.05128205128205128	18774.21256978144	
0.05128205128205128	20852.36665249092	
0.05128205128205128	23160.555650136557	
0.05128205128205128	25724.24257459497	
0.05128205128205128	28571.708988022667	
0.05128205128205128	31734.366993664804	
0.05128205128205128	35247.10576153392	
0.05128205128205128	39148.67641168862	
0.05128205128205128	43482.11950099161	
0.05128205128205128	48295.23982920676	
0.05128205128205128	53641.13380230722	
0.05128205128205128	59578.77517065188	
0.05128205128205128	66173.66560366057	
0.05128205128205128	73498.55727786303	
0.05128205128205128	81634.25544962553	
0.05128205128205128	90670.50986621024	
0.05128205128205128	100707.0048488604	
0.05128205128205128	111854.45897010346	
0.05128205128205128	124235.84645647575	
0.05128205128205128	137987.75379068567	
0.05128205128205128	153261.88647871045	
0.05128205128205128	170226.74260386958	
0.05128205128205128	189069.4716298515	
0.05128205128205128	209997.9389582617	
0.05128205128205128	233243.01901605987	0.3679705872622302
0.05128205128205128	259061.14216929968	0.32978530914355864
0.05128205128205128	287737.1235597027	0.32752325143987937
0.05128205128205128	319587.3050706517	0.482040494116566
0.05128205128205128	354963.04508350854	0.4844837395200342
0.05128205128205128	394254.5945218393	0.4848650304989702
0.05128205128205128	437895.401942509	0.485103331406474
0.05128205128205128	486366.8951656802	0.4852712491211953
0.05128205128205128	540203.7921927313	0.4836490022886433
0.05128205128205128	600000.0000000003	0.4830636350505242
0.07692307692307693	10000.0	
0.07692307692307693	11106.919438024492	
0.07692307692307693	12336.365940276655	
0.07692307692307693	13701.902265664208	
0.07692307692307693	15218.592461241791	
0.07692307692307693	16903.168042713947	
0.07692307692307693	18774.21256978144	
0.07692307692307693	20852.36665249092	
0.07692307692307693	23160.555650136557	
0.07692307692307693	25724.24257459497	
0.07692307692307693	28571.708988022667	
0.07692307692307693	31734.366993664804	
0.07692307692307693	35247.10576153392	
0.07692307692307693	39148.67641168862	
0.07692307692307693	43482.11950099161	
0.07692307692307693	48295.23982920676	
0.07692307692307693	53641.13380230722	
0.07692307692307693	59578.77517065188	
0.07692307692307693	66173.66560366057	
0.07692307692307693	73498.55727786303	
0.07692307692307693	81634.25544962553	
0.07692307692307693	90670.50986621024	
0.07692307692307693	100707.0048488604	
0.07692307692307693	111854.45897010346	
0.07692307692307693	124235.84645647575	0.41933140690678905
0.07692307692307693	137987.75379068567	0.3286760761033888
0.07692307692307693	153261.88647871045	0.2486076545943804
0.07692307692307693	170226.74260386958	0.4829925421032751
0.07692307692307693	189069.4716298515	0.4840208953448346
0.07692307692307693	209997.9389582617	0.4834565881424591
0.07692307692307693	233243.01901605987	0.4821800240658922
0.07692307692307693	259061.14216929968	0.4840622562824581
0.07692307692307693	287737.1235597027	0.4860030011474772
0.07692307692307693	319587.3050706517	0.4862011342766162
0.07692307692307693	354963.04508350854	0.4862286722992688
0.07692307692307693	394254.5945218393	0.4861426271870869
0.07692307692307693	437895.401942509	0.4860442856787561
0.07692307692307693	486366.8951656802	0.4858033274787972
0.07692307692307693	540203.7921927313	0.4846406413428554
0.07692307692307693	600000.0000000003	0.4844977243969987
0.10256410256410256	10000.0	
0.10256410256410256	11106.919438024492	
0.10256410256410256	12336.365940276655	
0.10256410256410256	13701.902265664208	
0.10256410256410256	15218.592461241791	
0.10256410256410256	16903.168042713947	
0.10256410256410256	18774.21256978144	
0.10256410256410256	20852.36665249092	
0.10256410256410256	23160.555650136557	
0.10256410256410256	25724.24257459497	
0.10256410256410256	28571.708988022667	
0.10256410256410256	31734.366993664804	
0.10256410256410256	35247.10576153392	
0.10256410256410256	39148.67641168862	
0.10256410256410256	43482.11950099161	
0.10256410256410256	48295.23982920676	
0.10256410256410256	53641.13380230722	
0.10256410256410256	59578.77517065188	
0.10256410256410256	66173.66560366057	
0.10256410256410256	73498.55727786303	
0.10256410256410256	81634.25544962553	
0.10256410256410256	90670.50986621024	
0.10256410256410256	100707.0048488604	
0.10256410256410256	111854.45897010346	0.3702286773720973
0.10256410256410256	124235.84645647575	0.4802241655353709
0.10256410256410256	137987.75379068567	0.4822535917647628
0.10256410256410256	153261.88647871045	0.4848831864284692
0.10256410256410256	170226.74260386958	0.4851764198234218
0.10256410256410256	189069.4716298515	0.4849436220749305
0.10256410256410256	209997.9389582617	0.4830177383514029
0.10256410256410256	233243.01901605987	0.4834099591404288
0.10256410256410256	259061.14216929968	0.4857704298173125
0.10256410256410256	287737.1235597027	0.4865556597348494
0.10256410256410256	319587.3050706517	0.4861879050933642
0.10256410256410256	354963.04508350854	0.48645085243606895
0.10256410256410256	394254.5945218393	0.4862042298167154
0.10256410256410256	437895.401942509	0.4859492594362441
0.10256410256410256	486366.8951656802	0.4854591144824641
0.10256410256410256	540203.7921927313	0.484453353527289
0.10256410256410256	600000.0000000003	0.4852883021364082
0.1282051282051282	10000.0	
0.1282051282051282	11106.919438024492	
0.1282051282051282	12336.365940276655	
0.1282051282051282	13701.902265664208	
0.1282051282051282	15218.592461241791	
0.1282051282051282	16903.168042713947	
0.1282051282051282	18774.21256978144	
0.1282051282051282	20852.36665249092	
0.1282051282051282	23160.555650136557	
0.1282051282051282	25724.24257459497	
0.1282051282051282	28571.708988022667	
0.1282051282051282	31734.366993664804	
0.1282051282051282	35247.10576153392	
0.1282051282051282	39148.67641168862	
0.1282051282051282	43482.11950099161	
0.1282051282051282	48295.23982920676	
0.1282051282051282	53641.13380230722	
0.1282051282051282	59578.77517065188	
0.1282051282051282	66173.66560366057	
0.1282051282051282	73498.55727786303	
0.1282051282051282	81634.25544962553	
0.1282051282051282	90670.50986621024	
0.1282051282051282	100707.0048488604	
0.1282051282051282	111854.45897010346	0.4806356605802821
0.1282051282051282	124235.84645647575	0.4806714610016976
0.1282051282051282	137987.75379068567	0.4839556012450047
0.1282051282051282	153261.88647871045	0.4854425869943744
0.1282051282051282	170226.74260386958	0.4852398900678318
0.1282051282051282	189069.4716298515	0.4836512277354914
0.1282051282051282	209997.9389582617	0.4832796272049011
0.1282051282051282	233243.01901605987	0.4839539760331321
0.1282051282051282	259061.14216929968	0.4863416533324672
0.1282051282051282	287737.1235597027	0.4865239647408529
0.1282051282051282	319587.3050706517	0.4865478348076109
0.1282051282051282	354963.04508350854	0.4862046113474602
0.1282051282051282	394254.5945218393	0.4853586331795863
0.1282051282051282	437895.401942509	0.4845131616023341
0.1282051282051282	486366.8951656802	0.4849664016133402
0.1282051282051282	540203.7921927313	0.4857569964010434
0.1282051282051282	600000.0000000003	0.4863400037395479
0.15384615384615385	10000.0	
0.15384615384615385	11106.919438024492	
0.15384615384615385	12336.365940276655	
0.15384615384615385	13701.902265664208	
0.15384615384615385	15218.592461241791	
0.15384615384615385	16903.168042713947	
0.15384615384615385	18774.21256978144	
0.15384615384615385	20852.36665249092	
0.15384615384615385	23160.555650136557	
0.15384615384615385	25724.24257459497	
0.15384615384615385	28571.708988022667	
0.15384615384615385	31734.366993664804	
0.15384615384615385	35247.10576153392	
0.15384615384615385	39148.67641168862	
0.15384615384615385	43482.11950099161	
0.15384615384615385	48295.23982920676	
0.15384615384615385	53641.13380230722	
0.15384615384615385	59578.77517065188	
0.15384615384615385	66173.66560366057	
0.15384615384615385	73498.55727786303	
0.15384615384615385	81634.25544962553	
0.15384615384615385	90670.50986621024	
0.15384615384615385	100707.0048488604	0.2489201374871585
0.15384615384615385	111854.45897010346	0.4800657915072379
0.15384615384615385	124235.84645647575	0.4819236311431659
0.15384615384615385	137987.75379068567	0.4849970891359658
0.15384615384615385	153261.88647871045	0.4851155221100981
0.15384615384615385	170226.74260386958	0.4832336401883579
0.15384615384615385	189069.4716298515	0.4837214822611101
0.15384615384615385	209997.9389582617	0.4848205074040163
0.15384615384615385	233243.01901605987	0.484992903223313
0.15384615384615385	259061.14216929968	0.4863966881131501
0.15384615384615385	287737.1235597027	0.486384862702926
0.15384615384615385	319587.3050706517	0.4853237076589228
0.15384615384615385	354963.04508350854	0.4847525748719495
0.15384615384615385	394254.5945218393	0.4851465270739269
0.15384615384615385	437895.401942509	0.4857512083022195
0.15384615384615385	486366.8951656802	0.4859411598035381
0.15384615384615385	540203.7921927313	0.4861157612864431
0.15384615384615385	600000.0000000003	0.4865448337889578
0.1794871794871795	10000.0	
0.1794871794871795	11106.919438024492	
0.1794871794871795	12336.365940276655	
0.1794871794871795	13701.902265664208	
0.1794871794871795	15218.592461241791	
0.1794871794871795	16903.168042713947	
0.1794871794871795	18774.21256978144	
0.1794871794871795	20852.36665249092	
0.1794871794871795	23160.555650136557	
0.1794871794871795	25724.24257459497	
0.1794871794871795	28571.708988022667	
0.1794871794871795	31734.366993664804	
0.1794871794871795	35247.10576153392	
0.1794871794871795	39148.67641168862	
0.1794871794871795	43482.11950099161	
0.1794871794871795	48295.23982920676	
0.1794871794871795	53641.13380230722	
0.1794871794871795	59578.77517065188	
0.1794871794871795	66173.66560366057	
0.1794871794871795	73498.55727786303	
0.1794871794871795	81634.25544962553	
0.1794871794871795	90670.50986621024	
0.1794871794871795	100707.0048488604	0.4226944051586121
0.1794871794871795	111854.45897010346	0.4815820691237098
0.1794871794871795	124235.84645647575	0.4833313679396227
0.1794871794871795	137987.75379068567	0.4841611802255581
0.1794871794871795	153261.88647871045	0.4838689705729269
0.1794871794871795	170226.74260386958	0.484389736654543
0.1794871794871795	189069.4716298515	0.4847236294415505
0.1794871794871795	209997.9389582617	0.4847856122795285
0.1794871794871795	233243.01901605987	0.485059841818524
0.1794871794871795	259061.14216929968	0.4854553868911141
0.1794871794871795	287737.1235597027	0.4854065769239482
0.1794871794871795	319587.3050706517	0.48549470269906
0.1794871794871795	354963.04508350854	0.4855378075666216
0.1794871794871795	394254.5945218393	0.4857277410828403
0.1794871794871795	437895.401942509	0.4857426531860656
0.1794871794871795	486366.8951656802	0.4859357759027321
0.1794871794871795	540203.7921927313	0.4861670492284687
0.1794871794871795	600000.0000000003	0.4863609238112605
0.20512820512820512	10000.0	
0.20512820512820512	11106.919438024492	
0.20512820512820512	12336.365940276655	
0.20512820512820512	13701.902265664208	
0.20512820512820512	15218.592461241791	
0.20512820512820512	16903.168042713947	
0.20512820512820512	18774.21256978144	
0.20512820512820512	20852.36665249092	
0.20512820512820512	23160.555650136557	
0.20512820512820512	25724.24257459497	
0.20512820512820512	28571.708988022667	
0.20512820512820512	31734.366993664804	
0.20512820512820512	35247.10576153392	
0.20512820512820512	39148.67641168862	
0.20512820512820512	43482.11950099161	
0.20512820512820512	48295.23982920676	
0.20512820512820512	53641.13380230722	
0.20512820512820512	59578.77517065188	
0.20512820512820512	66173.66560366057	
0.20512820512820512	73498.55727786303	
0.20512820512820512	81634.25544962553	
0.20512820512820512	90670.50986621024	
0.20512820512820512	100707.0048488604	0.481795011418464
0.20512820512820512	111854.45897010346	0.4828115235782667
0.20512820512820512	124235.84645647575	0.4821168859033223
0.20512820512820512	137987.75379068567	0.4837492976747674
0.20512820512820512	153261.88647871045	0.4845155852223176
0.20512820512820512	170226.74260386958	0.4843875926820572
0.20512820512820512	189069.4716298515	0.4844484548387892
0.20512820512820512	209997.9389582617	0.4846767142875922
0.20512820512820512	233243.01901605987	0.4845215588797427
0.20512820512820512	259061.14216929968	0.4858627842075588
0.20512820512820512	287737.1235597027	0.4856918983460284
0.20512820512820512	319587.3050706517	0.4852195737922705
0.20512820512820512	354963.04508350854	0.4853792608775435
0.20512820512820512	394254.5945218393	0.4855585112753725
0.20512820512820512	437895.401942509	0.4857041660013581
0.20512820512820512	486366.8951656802	0.4859833866815441
0.20512820512820512	540203.7921927313	0.4862865321175542
0.20512820512820512	600000.0000000003	0.4865051737476888
0.23076923076923075	10000.0	
0.23076923076923075	11106.919438024492	
0.23076923076923075	12336.365940276655	
0.23076923076923075	13701.902265664208	
0.23076923076923075	15218.592461241791	
0.23076923076923075	16903.168042713947	
0.23076923076923075	18774.21256978144	
0.23076923076923075	20852.36665249092	
0.23076923076923075	23160.555650136557	
0.23076923076923075	25724.24257459497	
0.23076923076923075	28571.708988022667	
0.23076923076923075	31734.366993664804	
0.23076923076923075	35247.10576153392	
0.23076923076923075	39148.67641168862	
0.23076923076923075	43482.11950099161	
0.23076923076923075	48295.23982920676	
0.23076923076923075	53641.13380230722	
0.23076923076923075	59578.77517065188	
0.23076923076923075	66173.66560366057	
0.23076923076923075	73498.55727786303	
0.23076923076923075	81634.25544962553	
0.23076923076923075	90670.50986621024	
0.23076923076923075	100707.0048488604	0.481154691070204
0.23076923076923075	111854.45897010346	0.4821440236903207
0.23076923076923075	124235.84645647575	0.4824892497467338
0.23076923076923075	137987.75379068567	0.4845330530169642
0.23076923076923075	153261.88647871045	0.4843802359715664
0.23076923076923075	170226.74260386958	0.4842457119403953
0.23076923076923075	189069.4716298515	0.4844992699924668
0.23076923076923075	209997.9389582617	0.4849181593574855
0.23076923076923075	233243.01901605987	0.485313596026981
0.23076923076923075	259061.14216929968	0.4856563851207274
0.23076923076923075	287737.1235597027	0.4856809051653258
0.23076923076923075	319587.3050706517	0.4854531241833531
0.23076923076923075	354963.04508350854	0.4853704958461234
0.23076923076923075	394254.5945218393	0.4855464444554021
0.23076923076923075	437895.401942509	0.4859137109966006
0.23076923076923075	486366.8951656802	0.48615094497475103
0.23076923076923075	540203.7921927313	0.4866381886817409
0.23076923076923075	600000.0000000003	0.4866820153305639
0.2564102564102564	10000.0	
0.2564102564102564	11106.919438024492	
0.2564102564102564	12336.365940276655	
0.2564102564102564	13701.902265664208	
0.2564102564102564	15218.592461241791	
0.2564102564102564	16903.168042713947	
0.2564102564102564	18774.21256978144	
0.2564102564102564	20852.36665249092	
0.2564102564102564	23160.555650136557	
0.2564102564102564	25724.24257459497	
0.2564102564102564	28571.708988022667	
0.2564102564102564	31734.366993664804	
0.2564102564102564	35247.10576153392	
0.2564102564102564	39148.67641168862	
0.2564102564102564	43482.11950099161	
0.2564102564102564	48295.23982920676	
0.2564102564102564	53641.13380230722	
0.2564102564102564	59578.77517065188	
0.2564102564102564	66173.66560366057	
0.2564102564102564	73498.55727786303	
0.2564102564102564	81634.25544962553	
0.2564102564102564	90670.50986621024	
0.2564102564102564	100707.0048488604	0.4831474425923898
0.2564102564102564	111854.45897010346	0.4823219176990304
0.2564102564102564	124235.84645647575	0.4834257394264849
0.2564102564102564	137987.75379068567	0.4842479157507984
0.2564102564102564	153261.88647871045	0.4842245936300648
0.2564102564102564	170226.74260386958	0.4842560950156997
0.2564102564102564	189069.4716298515	0.4849980526565337
0.2564102564102564	209997.9389582617	0.4853217267413155
0.2564102564102564	233243.01901605987	0.4852384962159474
0.2564102564102564	259061.14216929968	0.4856933367829875
0.2564102564102564	287737.1235597027	0.4856196765823342
0.2564102564102564	319587.3050706517	0.4855383373756555
0.2564102564102564	354963.04508350854	0.4854637176507884
0.2564102564102564	394254.5945218393	0.4856729656560631
0.2564102564102564	437895.401942509	0.4859714121164028
0.2564102564102564	486366.8951656802	0.4861709762230783
0.2564102564102564	540203.7921927313	0.4867190678052763
0.2564102564102564	600000.0000000003	0.48674982266077294
0.28205128205128205	10000.0	
0.28205128205128205	11106.919438024492	
0.28205128205128205	12336.365940276655	
0.28205128205128205	13701.902265664208	
0.28205128205128205	15218.592461241791	
0.28205128205128205	16903.168042713947	
0.28205128205128205	18774.21256978144	
0.28205128205128205	20852.36665249092	
0.28205128205128205	23160.555650136557	
0.28205128205128205	25724.24257459497	
0.28205128205128205	28571.708988022667	
0.28205128205128205	31734.366993664804	
0.28205128205128205	35247.10576153392	
0.28205128205128205	39148.67641168862	
0.28205128205128205	43482.11950099161	
0.28205128205128205	48295.23982920676	
0.28205128205128205	53641.13380230722	
0.28205128205128205	59578.77517065188	
0.28205128205128205	66173.66560366057	
0.28205128205128205	73498.55727786303	
0.28205128205128205	81634.25544962553	
0.28205128205128205	90670.50986621024	0.1996544543125536
0.28205128205128205	100707.0048488604	0.4833152464026323
0.28205128205128205	111854.45897010346	0.4834363769978705
0.28205128205128205	124235.84645647575	0.4833282774343749
0.28205128205128205	137987.75379068567	0.4841988430084599
0.28205128205128205	153261.88647871045	0.4845303278427048
0.28205128205128205	170226.74260386958	0.4849032670607194
0.28205128205128205	189069.4716298515	0.4851459448860096
0.28205128205128205	209997.9389582617	0.4851531023285168
0.28205128205128205	233243.01901605987	0.4851009763729902
0.28205128205128205	259061.14216929968	0.4858410145942408
0.28205128205128205	287737.1235597027	0.4853962628718092
0.28205128205128205	319587.3050706517	0.4853149704396257
0.28205128205128205	354963.04508350854	0.4854531800117491
0.28205128205128205	394254.5945218393	0.4856637246422036
0.28205128205128205	437895.401942509	0.4859994535465402
0.28205128205128205	486366.8951656802	0.4861930598779937
0.28205128205128205	540203.7921927313	0.4866096400773353
0.28205128205128205	600000.0000000003	0.4866748638387544
0.3076923076923077	10000.0	
0.3076923076923077	11106.919438024492	
0.3076923076923077	12336.365940276655	
0.3076923076923077	13701.902265664208	
0.3076923076923077	15218.592461241791	
0.3076923076923077	16903.168042713947	
0.3076923076923077	18774.21256978144	
0.3076923076923077	20852.36665249092	
0.3076923076923077	23160.555650136557	
0.3076923076923077	25724.24257459497	
0.3076923076923077	28571.708988022667	
0.3076923076923077	31734.366993664804	
0.3076923076923077	35247.10576153392	
0.3076923076923077	39148.67641168862	
0.3076923076923077	43482.11950099161	
0.3076923076923077	48295.23982920676	
0.3076923076923077	53641.13380230722	
0.3076923076923077	59578.77517065188	
0.3076923076923077	66173.66560366057	
0.3076923076923077	73498.55727786303	
0.3076923076923077	81634.25544962553	
0.3076923076923077	90670.50986621024	0.3264788749300635
0.3076923076923077	100707.0048488604	0.4831633203927591
0.3076923076923077	111854.45897010346	0.4834227109582178
0.3076923076923077	124235.84645647575	0.4833816659284627
0.3076923076923077	137987.75379068567	0.48426807416547707
0.3076923076923077	153261.88647871045	0.4847466593725721
0.3076923076923077	170226.74260386958	0.4847613549665198
0.3076923076923077	189069.4716298515	0.4850331567866784
0.3076923076923077	209997.9389582617	0.4851834409811889
0.3076923076923077	233243.01901605987	0.4850794048124595
0.3076923076923077	259061.14216929968	0.4858447375064846
0.3076923076923077	287737.1235597027	0.4856413321367742
0.3076923076923077	319587.3050706517	0.4852528214044128
0.3076923076923077	354963.04508350854	0.4853146637574505
0.3076923076923077	394254.5945218393	0.4855227604583486
0.3076923076923077	437895.401942509	0.4856700182067759
0.3076923076923077	486366.8951656802	0.4861673944564319
0.3076923076923077	540203.7921927313	0.4865195910859305
0.3076923076923077	600000.0000000003	0.4866453692590225
0.3333333333333333	10000.0	
0.3333333333333333	11106.919438024492	
0.3333333333333333	12336.365940276655	
0.3333333333333333	13701.902265664208	
0.3333333333333333	15218.592461241791	
0.3333333333333333	16903.168042713947	
0.3333333333333333	18774.21256978144	
0.3333333333333333	20852.36665249092	
0.3333333333333333	23160.555650136557	
0.3333333333333333	25724.24257459497	
0.3333333333333333	28571.708988022667	
0.3333333333333333	31734.366993664804	
0.3333333333333333	35247.10576153392	
0.3333333333333333	39148.67641168862	
0.3333333333333333	43482.11950099161	
0.3333333333333333	48295.23982920676	
0.3333333333333333	53641.13380230722	
0.3333333333333333	59578.77517065188	
0.3333333333333333	66173.66560366057	
0.3333333333333333	73498.55727786303	
0.3333333333333333	81634.25544962553	
0.3333333333333333	90670.50986621024	0.3288403768785856
0.3333333333333333	100707.0048488604	0.4840096588902543
0.3333333333333333	111854.45897010346	0.4832661212283418
0.3333333333333333	124235.84645647575	0.4835097273130575
0.3333333333333333	137987.75379068567	0.4843230087097978
0.3333333333333333	153261.88647871045	0.4844208897712725
0.3333333333333333	170226.74260386958	0.4847452757118068
0.3333333333333333	189069.4716298515	0.4850078495786068
0.3333333333333333	209997.9389582617	0.4852204819417675
0.3333333333333333	233243.01901605987	0.4850934079619042
0.3333333333333333	259061.14216929968	0.485589365153179
0.3333333333333333	287737.1235597027	0.4855338599315989
0.3333333333333333	319587.3050706517	0.4851258102368636
0.3333333333333333	354963.04508350854	0.4852485674774802
0.3333333333333333	394254.5945218393	0.4854458351665437
0.3333333333333333	437895.401942509	0.4857210223571573
0.3333333333333333	486366.8951656802	0.4860835543824695
0.3333333333333333	540203.7921927313	0.4863993645984402
0.3333333333333333	600000.0000000003	0.4865532972547957
0.35897435897435903	10000.0	
0.35897435897435903	11106.919438024492	
0.35897435897435903	12336.365940276655	
0.35897435897435903	13701.902265664208	
0.35897435897435903	15218.592461241791	
0.35897435897435903	16903.168042713947	
0.35897435897435903	18774.21256978144	
0.35897435897435903	20852.36665249092	
0.35897435897435903	23160.555650136557	
0.35897435897435903	25724.24257459497	
0.35897435897435903	28571.708988022667	
0.35897435897435903	31734.366993664804	
0.35897435897435903	35247.10576153392	
0.35897435897435903	39148.67641168862	
0.35897435897435903	43482.11950099161	
0.35897435897435903	48295.23982920676	
0.35897435897435903	53641.13380230722	
0.35897435897435903	59578.77517065188	
0.35897435897435903	66173.66560366057	
0.35897435897435903	73498.55727786303	
0.35897435897435903	81634.25544962553	
0.35897435897435903	90670.50986621024	0.3711721395806104
0.35897435897435903	100707.0048488604	0.4844357327134284
0.35897435897435903	111854.45897010346	0.4833112245572591
0.35897435897435903	124235.84645647575	0.4831045421439644
0.35897435897435903	137987.75379068567	0.4840294041386426
0.35897435897435903	153261.88647871045	0.4845503390562143
0.35897435897435903	170226.74260386958	0.4847765037682522
0.35897435897435903	189069.4716298515	0.4850812250884711
0.35897435897435903	209997.9389582617	0.4853175629788634
0.35897435897435903	233243.01901605987	0.48493705531264797
0.35897435897435903	259061.14216929968	0.4856452115526475
0.35897435897435903	287737.1235597027	0.4854984024231451
0.35897435897435903	319587.3050706517	0.4851490742557079
0.35897435897435903	354963.04508350854	0.4852511703919306
0.35897435897435903	394254.5945218393	0.4852655708118556
0.35897435897435903	437895.401942509	0.4858240151784534
0.35897435897435903	486366.8951656802	0.486028171573114
0.35897435897435903	540203.7921927313	0.4864231058143506
0.35897435897435903	600000.0000000003	0.4865005782694074
0.3846153846153846	10000.0	
0.3846153846153846	11106.919438024492	
0.3846153846153846	12336.365940276655	
0.3846153846153846	13701.902265664208	
0.3846153846153846	15218.592461241791	
0.3846153846153846	16903.168042713947	
0.3846153846153846	18774.21256978144	
0.3846153846153846	20852.36665249092	
0.3846153846153846	23160.555650136557	
0.3846153846153846	25724.24257459497	
0.3846153846153846	28571.708988022667	
0.3846153846153846	31734.366993664804	
0.3846153846153846	35247.10576153392	
0.3846153846153846	39148.67641168862	
0.3846153846153846	43482.11950099161	
0.3846153846153846	48295.23982920676	
0.3846153846153846	53641.13380230722	
0.3846153846153846	59578.77517065188	
0.3846153846153846	66173.66560366057	
0.3846153846153846	73498.55727786303	
0.3846153846153846	81634.25544962553	
0.3846153846153846	90670.50986621024	0.41243599087261545
0.3846153846153846	100707.0048488604	0.4843139033560794
0.3846153846153846	111854.45897010346	0.4832675973582135
0.3846153846153846	124235.84645647575	0.482790900314233
0.3846153846153846	137987.75379068567	0.4838033337726274
0.3846153846153846	153261.88647871045	0.4844732867994569
0.3846153846153846	170226.74260386958	0.4846075403564552
0.3846153846153846	189069.4716298515	0.4850858629650784
0.3846153846153846	209997.9389582617	0.4852338947711452
0.3846153846153846	233243.01901605987	0.4850639082343681
0.3846153846153846	259061.14216929968	0.4857456730825085
0.3846153846153846	287737.1235597027	0.485282228606619
0.3846153846153846	319587.3050706517	0.4850787674948177
0.3846153846153846	354963.04508350854	0.4851899157271866
0.3846153846153846	394254.5945218393	0.4854020910894311
0.3846153846153846	437895.401942509	0.4858737318217175
0.3846153846153846	486366.8951656802	0.4859204140792608
0.3846153846153846	540203.7921927313	0.486336213459404
0.3846153846153846	600000.0000000003	0.486524874875001
0.41025641025641024	10000.0	
0.41025641025641024	11106.919438024492	
0.41025641025641024	12336.365940276655	
0.41025641025641024	13701.902265664208	
0.41025641025641024	15218.592461241791	
0.41025641025641024	16903.168042713947	
0.41025641025641024	18774.21256978144	
0.41025641025641024	20852.36665249092	
0.41025641025641024	23160.555650136557	
0.41025641025641024	25724.24257459497	
0.41025641025641024	28571.708988022667	
0.41025641025641024	31734.366993664804	
0.41025641025641024	35247.10576153392	
0.41025641025641024	39148.67641168862	
0.41025641025641024	43482.11950099161	
0.41025641025641024	48295.23982920676	
0.41025641025641024	53641.13380230722	
0.41025641025641024	59578.77517065188	
0.41025641025641024	66173.66560366057	
0.41025641025641024	73498.55727786303	
0.41025641025641024	81634.25544962553	
0.41025641025641024	90670.50986621024	0.48126852188735997
0.41025641025641024	100707.0048488604	0.4844813667351008
0.41025641025641024	111854.45897010346	0.4831423576045267
0.41025641025641024	124235.84645647575	0.4826795139621514
0.41025641025641024	137987.75379068567	0.4836965324825112
0.41025641025641024	153261.88647871045	0.4842757466525614
0.41025641025641024	170226.74260386958	0.4846501524731448
0.41025641025641024	189069.4716298515	0.4848198868368017
0.41025641025641024	209997.9389582617	0.4852069358174374
0.41025641025641024	233243.01901605987	0.4850147526964891
0.41025641025641024	259061.14216929968	0.4857678641235133
0.41025641025641024	287737.1235597027	0.4854463399038784
0.41025641025641024	319587.3050706517	0.4850555029057636
0.41025641025641024	354963.04508350854	0.4850872281716973
0.41025641025641024	394254.5945218393	0.485149664600305
0.41025641025641024	437895.401942509	0.4853820706921773
0.41025641025641024	486366.8951656802	0.4858222084474859
0.41025641025641024	540203.7921927313	0.4862809011760398
0.41025641025641024	600000.0000000003	0.4864815559063134
0.4358974358974359	10000.0	
0.4358974358974359	11106.919438024492	
0.4358974358974359	12336.365940276655	
0.4358974358974359	13701.902265664208	
0.4358974358974359	15218.592461241791	
0.4358974358974359	16903.168042713947	
0.4358974358974359	18774.21256978144	
0.4358974358974359	20852.36665249092	
0.4358974358974359	23160.555650136557	
0.4358974358974359	25724.24257459497	
0.4358974358974359	28571.708988022667	
0.4358974358974359	31734.366993664804	
0.4358974358974359	35247.10576153392	
0.4358974358974359	39148.67641168862	
0.4358974358974359	43482.11950099161	
0.4358974358974359	48295.23982920676	
0.4358974358974359	53641.13380230722	
0.4358974358974359	59578.77517065188	
0.4358974358974359	66173.66560366057	
0.4358974358974359	73498.55727786303	
0.4358974358974359	81634.25544962553	
0.4358974358974359	90670.50986621024	0.4811585098562385
0.4358974358974359	100707.0048488604	0.4843820080690861
0.4358974358974359	111854.45897010346	0.483053186483382
0.4358974358974359	124235.84645647575	0.4824635848345277
0.4358974358974359	137987.75379068567	0.4838661189316911
0.4358974358974359	153261.88647871045	0.4842499946696023
0.4358974358974359	170226.74260386958	0.4845295900673189
0.4358974358974359	189069.4716298515	0.4846423774271102
0.4358974358974359	209997.9389582617	0.4850040949418954
0.4358974358974359	233243.01901605987	0.484912535292589
0.4358974358974359	259061.14216929968	0.4856478546584278
0.4358974358974359	287737.1235597027	0.4853643331764975
0.4358974358974359	319587.3050706517	0.484963752726624
0.4358974358974359	354963.04508350854	0.4849292208677717
0.4358974358974359	394254.5945218393	0.4850876890164978
0.4358974358974359	437895.401942509	0.4855317324927778
0.4358974358974359	486366.8951656802	0.4859582819348362
0.4358974358974359	540203.7921927313	0.4861697049988743
0.4358974358974359	600000.0000000003	0.4864700930904137
0.4615384615384615	10000.0	
0.4615384615384615	11106.919438024492	
0.4615384615384615	12336.365940276655	
0.4615384615384615	13701.902265664208	
0.4615384615384615	15218.592461241791	
0.4615384615384615	16903.168042713947	
0.4615384615384615	18774.21256978144	
0.4615384615384615	20852.36665249092	
0.4615384615384615	23160.555650136557	
0.4615384615384615	25724.24257459497	
0.4615384615384615	28571.708988022667	
0.4615384615384615	31734.366993664804	
0.4615384615384615	35247.10576153392	
0.4615384615384615	39148.67641168862	
0.4615384615384615	43482.11950099161	
0.4615384615384615	48295.23982920676	
0.4615384615384615	53641.13380230722	
0.4615384615384615	59578.77517065188	
0.4615384615384615	66173.66560366057	
0.4615384615384615	73498.55727786303	
0.4615384615384615	81634.25544962553	
0.4615384615384615	90670.50986621024	0.4831633233388582
0.4615384615384615	100707.0048488604	0.4844266459287505
0.4615384615384615	111854.45897010346	0.4829205067008321
0.4615384615384615	124235.84645647575	0.4821349417055204
0.4615384615384615	137987.75379068567	0.4835537163581967
0.4615384615384615	153261.88647871045	0.4840947486618045
0.4615384615384615	170226.74260386958	0.4843789439940537
0.4615384615384615	189069.4716298515	0.484691958543213
0.4615384615384615	209997.9389582617	0.4849627328001635
0.4615384615384615	233243.01901605987	0.4851750411208578
0.4615384615384615	259061.14216929968	0.48578919669566495
0.4615384615384615	287737.1235597027	0.4851523361456581
0.4615384615384615	319587.3050706517	0.4846893291910886
0.4615384615384615	354963.04508350854	0.4848053488435365
0.4615384615384615	394254.5945218393	0.4850228711804889
0.4615384615384615	437895.401942509	0.485298969538886
0.4615384615384615	486366.8951656802	0.4856540763549927
0.4615384615384615	540203.7921927313	0.4861025075967321
0.4615384615384615	600000.0000000003	0.4864649547574407
0.4871794871794872	10000.0	
0.4871794871794872	11106.919438024492	
0.4871794871794872	12336.365940276655	
0.4871794871794872	13701.902265664208	
0.4871794871794872	15218.592461241791	
0.4871794871794872	16903.168042713947	
0.4871794871794872	18774.21256978144	
0.4871794871794872	20852.36665249092	
0.4871794871794872	23160.555650136557	
0.4871794871794872	25724.24257459497	
0.4871794871794872	28571.708988022667	
0.4871794871794872	31734.366993664804	
0.4871794871794872	35247.10576153392	
0.4871794871794872	39148.67641168862	
0.4871794871794872	43482.11950099161	
0.4871794871794872	48295.23982920676	
0.4871794871794872	53641.13380230722	
0.4871794871794872	59578.77517065188	
0.4871794871794872	66173.66560366057	
0.4871794871794872	73498.55727786303	
0.4871794871794872	81634.25544962553	
0.4871794871794872	90670.50986621024	0.4838002398291509
0.4871794871794872	100707.0048488604	0.484099948310592
0.4871794871794872	111854.45897010346	0.4829639246197438
0.4871794871794872	124235.84645647575	0.4820629837466447
0.4871794871794872	137987.75379068567	0.4836007766504119
0.4871794871794872	153261.88647871045	0.4839711601499764
0.4871794871794872	170226.74260386958	0.4842494446277131
0.4871794871794872	189069.4716298515	0.4844749597603503
0.4871794871794872	209997.9389582617	0.4848119990062839
0.4871794871794872	233243.01901605987	0.4850343288843855
0.4871794871794872	259061.14216929968	0.4856316032481308
0.4871794871794872	287737.1235597027	0.4851021123261722
0.4871794871794872	319587.3050706517	0.4846556607506077
0.4871794871794872	354963.04508350854	0.4844473540333021
0.4871794871794872	394254.5945218393	0.48485475077768
0.4871794871794872	437895.401942509	0.4851192158278001
0.4871794871794872	486366.8951656802	0.4855126573190938
0.4871794871794872	540203.7921927313	0.4858677189483592
0.4871794871794872	600000.0000000003	0.4863668440316682
0.5128205128205128	10000.0	
0.5128205128205128	11106.919438024492	
0.5128205128205128	12336.365940276655	
0.5128205128205128	13701.902265664208	
0.5128205128205128	15218.592461241791	
0.5128205128205128	16903.168042713947	
0.5128205128205128	18774.21256978144	
0.5128205128205128	20852.36665249092	
0.5128205128205128	23160.555650136557	
0.5128205128205128	25724.24257459497	
0.5128205128205128	28571.708988022667	
0.5128205128205128	31734.366993664804	
0.5128205128205128	35247.10576153392	
0.5128205128205128	39148.67641168862	
0.5128205128205128	43482.11950099161	
0.5128205128205128	48295.23982920676	
0.5128205128205128	53641.13380230722	
0.5128205128205128	59578.77517065188	
0.5128205128205128	66173.66560366057	
0.5128205128205128	73498.55727786303	
0.5128205128205128	81634.25544962553	
0.5128205128205128	90670.50986621024	0.4849601466133661
0.5128205128205128	100707.0048488604	0.4840945735051392
0.5128205128205128	111854.45897010346	0.4829442411001598
0.5128205128205128	124235.84645647575	0.4817807204238211
0.5128205128205128	137987.75379068567	0.4834856161325466
0.5128205128205128	153261.88647871045	0.4836670486967873
0.5128205128205128	170226.74260386958	0.4840144418369527
0.5128205128205128	189069.4716298515	0.4843821272198534
0.5128205128205128	209997.9389582617	0.484782320024835
0.5128205128205128	233243.01901605987	0.4848509666669427
0.5128205128205128	259061.14216929968	0.485757053263103
0.5128205128205128	287737.1235597027	0.4851425897285875
0.5128205128205128	319587.3050706517	0.4846185448438283
0.5128205128205128	354963.04508350854	0.4843365967448013
0.5128205128205128	394254.5945218393	0.4845558377565315
0.5128205128205128	437895.401942509	0.4846792948790823
0.5128205128205128	486366.8951656802	0.4851721581216402
0.5128205128205128	540203.7921927313	0.4853174728003874
0.5128205128205128	600000.0000000003	0.486022176745846
0.5384615384615384	10000.0	
0.5384615384615384	11106.919438024492	
0.5384615384615384	12336.365940276655	
0.5384615384615384	13701.902265664208	
0.5384615384615384	15218.592461241791	
0.5384615384615384	16903.168042713947	
0.5384615384615384	18774.21256978144	
0.5384615384615384	20852.36665249092	
0.5384615384615384	23160.555650136557	
0.5384615384615384	25724.24257459497	
0.5384615384615384	28571.708988022667	
0.5384615384615384	31734.366993664804	
0.5384615384615384	35247.10576153392	
0.5384615384615384	39148.67641168862	
0.5384615384615384	43482.11950099161	
0.5384615384615384	48295.23982920676	
0.5384615384615384	53641.13380230722	
0.5384615384615384	59578.77517065188	
0.5384615384615384	66173.66560366057	
0.5384615384615384	73498.55727786303	
0.5384615384615384	81634.25544962553	
0.5384615384615384	90670.50986621024	0.4861402366058602
0.5384615384615384	100707.0048488604	0.4839937113565616
0.5384615384615384	111854.45897010346	0.4827721919358348
0.5384615384615384	124235.84645647575	0.4815799721277674
0.5384615384615384	137987.75379068567	0.4830477294985323
0.5384615384615384	153261.88647871045	0.4836242633844265
0.5384615384615384	170226.74260386958	0.4836556550007418
0.5384615384615384	189069.4716298515	0.4840527196526193
0.5384615384615384	209997.9389582617	0.4840599639087462
0.5384615384615384	233243.01901605987	0.4845062070686692
0.5384615384615384	259061.14216929968	0.485716483434008
0.5384615384615384	287737.1235597027	0.4851016330744952
0.5384615384615384	319587.3050706517	0.4843792885660684
0.5384615384615384	354963.04508350854	0.4839217827102521
0.5384615384615384	394254.5945218393	0.4839021552361646
0.5384615384615384	437895.401942509	0.4840623933021248
0.5384615384615384	486366.8951656802	0.4843578266731858
0.5384615384615384	540203.7921927313	0.4851208550015381
0.5384615384615384	600000.0000000003	0.4854910291789026
0.5641025641025641	10000.0	
0.5641025641025641	11106.919438024492	
0.5641025641025641	12336.365940276655	
0.5641025641025641	13701.902265664208	
0.5641025641025641	15218.592461241791	
0.5641025641025641	16903.168042713947	
0.5641025641025641	18774.21256978144	
0.5641025641025641	20852.36665249092	
0.5641025641025641	23160.555650136557	
0.5641025641025641	25724.24257459497	
0.5641025641025641	28571.708988022667	
0.5641025641025641	31734.366993664804	
0.5641025641025641	35247.10576153392	
0.5641025641025641	39148.67641168862	
0.5641025641025641	43482.11950099161	
0.5641025641025641	48295.23982920676	
0.5641025641025641	53641.13380230722	
0.5641025641025641	59578.77517065188	
0.5641025641025641	66173.66560366057	
0.5641025641025641	73498.55727786303	
0.5641025641025641	81634.25544962553	
0.5641025641025641	90670.50986621024	0.4871629532115758
0.5641025641025641	100707.0048488604	0.4840532708754778
0.5641025641025641	111854.45897010346	0.4824103405621161
0.5641025641025641	124235.84645647575	0.481043813992721
0.5641025641025641	137987.75379068567	0.4827761647306686
0.5641025641025641	153261.88647871045	0.4831529101304561
0.5641025641025641	170226.74260386958	0.4831127852872243
0.5641025641025641	189069.4716298515	0.4834293893812022
0.5641025641025641	209997.9389582617	0.4835732559962696
0.5641025641025641	233243.01901605987	0.484029222628901
0.5641025641025641	259061.14216929968	0.4851840354815444
0.5641025641025641	287737.1235597027	0.4848414229872945
0.5641025641025641	319587.3050706517	0.4842290732388519
0.5641025641025641	354963.04508350854	0.4833329738746018
0.5641025641025641	394254.5945218393	0.4832200674224721
0.5641025641025641	437895.401942509	0.4833741692113508
0.5641025641025641	486366.8951656802	0.483853574212181
0.5641025641025641	540203.7921927313	0.4842567649541989
0.5641025641025641	600000.0000000003	0.4851096167469025
0.5897435897435898	10000.0	
0.5897435897435898	11106.919438024492	
0.5897435897435898	12336.365940276655	
0.5897435897435898	13701.902265664208	
0.5897435897435898	15218.592461241791	
0.5897435897435898	16903.168042713947	
0.5897435897435898	18774.21256978144	
0.5897435897435898	20852.36665249092	
0.5897435897435898	23160.555650136557	
0.5897435897435898	25724.24257459497	
0.5897435897435898	28571.708988022667	
0.5897435897435898	31734.366993664804	
0.5897435897435898	35247.10576153392	
0.5897435897435898	39148.67641168862	
0.5897435897435898	43482.11950099161	
0.5897435897435898	48295.23982920676	
0.5897435897435898	53641.13380230722	
0.5897435897435898	59578.77517065188	
0.5897435897435898	66173.66560366057	
0.5897435897435898	73498.55727786303	
0.5897435897435898	81634.25544962553	
0.5897435897435898	90670.50986621024	0.4875507883449458
0.5897435897435898	100707.0048488604	0.4838895763270348
0.5897435897435898	111854.45897010346	0.4822270967580259
0.5897435897435898	124235.84645647575	0.4809568621156315
0.5897435897435898	137987.75379068567	0.4820662261396594
0.5897435897435898	153261.88647871045	0.4821219172197211
0.5897435897435898	170226.74260386958	0.4822795679995082
0.5897435897435898	189069.4716298515	0.4825310866878398
0.5897435897435898	209997.9389582617	0.4828257571908277
0.5897435897435898	233243.01901605987	0.4837253806515674
0.5897435897435898	259061.14216929968	0.4847268354780008
0.5897435897435898	287737.1235597027	0.4845042597507314
0.5897435897435898	319587.3050706517	0.4840542676996429
0.5897435897435898	354963.04508350854	0.4832204920298698
0.5897435897435898	394254.5945218393	0.4823446271094674
0.5897435897435898	437895.401942509	0.4823991935270908
0.5897435897435898	486366.8951656802	0.4826096885535173
0.5897435897435898	540203.7921927313	0.4834115568702978
0.5897435897435898	600000.0000000003	0.4855884246147786
0.6153846153846154	10000.0	
0.6153846153846154	11106.919438024492	
0.6153846153846154	12336.365940276655	
0.6153846153846154	13701.902265664208	
0.6153846153846154	15218.592461241791	
0.6153846153846154	16903.168042713947	
0.6153846153846154	18774.21256978144	
0.6153846153846154	20852.36665249092	
0.6153846153846154	23160.555650136557	
0.6153846153846154	25724.24257459497	
0.6153846153846154	28571.708988022667	
0.6153846153846154	31734.366993664804	
0.6153846153846154	35247.10576153392	
0.6153846153846154	39148.67641168862	
0.6153846153846154	43482.11950099161	
0.6153846153846154	48295.23982920676	
0.6153846153846154	53641.13380230722	
0.6153846153846154	59578.77517065188	
0.6153846153846154	66173.66560366057	
0.6153846153846154	73498.55727786303	
0.6153846153846154	81634.25544962553	
0.6153846153846154	90670.50986621024	0.4885265932641678
0.6153846153846154	100707.0048488604	0.4837774438088703
0.6153846153846154	111854.45897010346	0.4818099943525072
0.6153846153846154	124235.84645647575	0.4809776317945839
0.6153846153846154	137987.75379068567	0.4807161233419082
0.6153846153846154	153261.88647871045	0.4808264809841081
0.6153846153846154	170226.74260386958	0.4808411461421783
0.6153846153846154	189069.4716298515	0.4812487748462503
0.6153846153846154	209997.9389582617	0.4818407649861671
0.6153846153846154	233243.01901605987	0.4839901294419899
0.6153846153846154	259061.14216929968	0.48399433299468
0.6153846153846154	287737.1235597027	0.4833152530571336
0.6153846153846154	319587.3050706517	0.4831992162690724
0.6153846153846154	354963.04508350854	0.4828826639715843
0.6153846153846154	394254.5945218393	0.4818453728516072
0.6153846153846154	437895.401942509	0.481852786576419
0.6153846153846154	486366.8951656802	0.4814864710711974
0.6153846153846154	540203.7921927313	0.4822956332576945
0.6153846153846154	600000.0000000003	0.4848733603306152
0.641025641025641	10000.0	
0.641025641025641	11106.919438024492	
0.641025641025641	12336.365940276655	
0.641025641025641	13701.902265664208	
0.641025641025641	15218.592461241791	
0.641025641025641	16903.168042713947	
0.641025641025641	18774.21256978144	
0.641025641025641	20852.36665249092	
0.641025641025641	23160.555650136557	
0.641025641025641	25724.24257459497	
0.641025641025641	28571.708988022667	
0.641025641025641	31734.366993664804	
0.641025641025641	35247.10576153392	
0.641025641025641	39148.67641168862	
0.641025641025641	43482.11950099161	
0.641025641025641	48295.23982920676	
0.641025641025641	53641.13380230722	
0.641025641025641	59578.77517065188	
0.641025641025641	66173.66560366057	
0.641025641025641	73498.55727786303	
0.641025641025641	81634.25544962553	
0.641025641025641	90670.50986621024	0.4892310505732971
0.641025641025641	100707.0048488604	0.4831318496098879
0.641025641025641	111854.45897010346	0.48092288184877
0.641025641025641	124235.84645647575	0.4816280836650438
0.641025641025641	137987.75379068567	0.4788819237622962
0.641025641025641	153261.88647871045	0.4786859235980686
0.641025641025641	170226.74260386958	0.4785493604062469
0.641025641025641	189069.4716298515	0.4791955068363757
0.641025641025641	209997.9389582617	0.4803828073218925
0.641025641025641	233243.01901605987	0.4823777577109723
0.641025641025641	259061.14216929968	0.4821432510595374
0.641025641025641	287737.1235597027	0.4816693283653794
0.641025641025641	319587.3050706517	0.481659898303785
0.641025641025641	354963.04508350854	0.4816975441782215
0.641025641025641	394254.5945218393	0.4811899643233711
0.641025641025641	437895.401942509	0.4809826105313317
0.641025641025641	486366.8951656802	0.4809252734951712
0.641025641025641	540203.7921927313	0.4820323777101511
0.641025641025641	600000.0000000003	0.4831469073520623
0.6666666666666666	10000.0	
0.6666666666666666	11106.919438024492	
0.6666666666666666	12336.365940276655	
0.6666666666666666	13701.902265664208	
0.6666666666666666	15218.592461241791	
0.6666666666666666	16903.168042713947	
0.6666666666666666	18774.21256978144	
0.6666666666666666	20852.36665249092	
0.6666666666666666	23160.555650136557	
0.6666666666666666	25724.24257459497	
0.6666666666666666	28571.708988022667	
0.6666666666666666	31734.366993664804	
0.6666666666666666	35247.10576153392	
0.6666666666666666	39148.67641168862	
0.6666666666666666	43482.11950099161	
0.6666666666666666	48295.23982920676	
0.6666666666666666	53641.13380230722	
0.6666666666666666	59578.77517065188	
0.6666666666666666	66173.66560366057	
0.6666666666666666	73498.55727786303	
0.6666666666666666	81634.25544962553	
0.6666666666666666	90670.50986621024	0.4891715586465729
0.6666666666666666	100707.0048488604	0.4819989245165136
0.6666666666666666	111854.45897010346	0.4810396809334738
0.6666666666666666	124235.84645647575	0.4806770731302168
0.6666666666666666	137987.75379068567	0.4788823068051986
0.6666666666666666	153261.88647871045	0.4752715257725592
0.6666666666666666	170226.74260386958	0.4737160142303304
0.6666666666666666	189069.4716298515	0.4748776409289484
0.6666666666666666	209997.9389582617	0.4789587321159899
0.6666666666666666	233243.01901605987	0.4784891414686003
0.6666666666666666	259061.14216929968	0.4782815342625418
0.6666666666666666	287737.1235597027	0.4785123433658741
0.6666666666666666	319587.3050706517	0.4792550538783099
0.6666666666666666	354963.04508350854	0.4798188393395799
0.6666666666666666	394254.5945218393	0.4802810498982706
0.6666666666666666	437895.401942509	0.4802519725053989
0.6666666666666666	486366.8951656802	0.4807606996842184
0.6666666666666666	540203.7921927313	0.4817477005356346
0.6666666666666666	600000.0000000003	0.477851800440899
0.6923076923076923	10000.0	
0.6923076923076923	11106.919438024492	
0.6923076923076923	12336.365940276655	
0.6923076923076923	13701.902265664208	
0.6923076923076923	15218.592461241791	
0.6923076923076923	16903.168042713947	
0.6923076923076923	18774.21256978144	
0.6923076923076923	20852.36665249092	
0.6923076923076923	23160.555650136557	
0.6923076923076923	25724.24257459497	
0.6923076923076923	28571.708988022667	
0.6923076923076923	31734.366993664804	
0.6923076923076923	35247.10576153392	
0.6923076923076923	39148.67641168862	
0.6923076923076923	43482.11950099161	
0.6923076923076923	48295.23982920676	
0.6923076923076923	53641.13380230722	
0.6923076923076923	59578.77517065188	
0.6923076923076923	66173.66560366057	
0.6923076923076923	73498.55727786303	
0.6923076923076923	81634.25544962553	
0.6923076923076923	90670.50986621024	0.4872723903117271
0.6923076923076923	100707.0048488604	0.4814600863682277
0.6923076923076923	111854.45897010346	0.4763638956870226
0.6923076923076923	124235.84645647575	0.23512542270689674
0.6923076923076923	137987.75379068567	0.4773935434194706
0.6923076923076923	153261.88647871045	0.470428660588441
0.6923076923076923	170226.74260386958	0.4082089049181631
0.6923076923076923	189069.4716298515	0.4456839341190084
0.6923076923076923	209997.9389582617	0.4500771811174528
0.6923076923076923	233243.01901605987	0.458170101566603
0.6923076923076923	259061.14216929968	0.4687326358979904
0.6923076923076923	287737.1235597027	0.4724805052493651
0.6923076923076923	319587.3050706517	0.4750192352743238
0.6923076923076923	354963.04508350854	0.4771106182141239
0.6923076923076923	394254.5945218393	0.4780414985179949
0.6923076923076923	437895.401942509	0.4788754335923887
0.6923076923076923	486366.8951656802	0.4803466386511464
0.6923076923076923	540203.7921927313	0.4637538599904591
0.6923076923076923	600000.0000000003	0.41246485008418987
0.7179487179487181	10000.0	
0.7179487179487181	11106.919438024492	
0.7179487179487181	12336.365940276655	
0.7179487179487181	13701.902265664208	
0.7179487179487181	15218.592461241791	
0.7179487179487181	16903.168042713947	
0.7179487179487181	18774.21256978144	
0.7179487179487181	20852.36665249092	
0.7179487179487181	23160.555650136557	
0.7179487179487181	25724.24257459497	
0.7179487179487181	28571.708988022667	
0.7179487179487181	31734.366993664804	
0.7179487179487181	35247.10576153392	
0.7179487179487181	39148.67641168862	
0.7179487179487181	43482.11950099161	
0.7179487179487181	48295.23982920676	
0.7179487179487181	53641.13380230722	
0.7179487179487181	59578.77517065188	
0.7179487179487181	66173.66560366057	
0.7179487179487181	73498.55727786303	
0.7179487179487181	81634.25544962553	
0.7179487179487181	90670.50986621024	0.3672435807297997
0.7179487179487181	100707.0048488604	0.3633406436169017
0.7179487179487181	111854.45897010346	0.3625140281491305
0.7179487179487181	124235.84645647575	0.4705942657493058
0.7179487179487181	137987.75379068567	
0.7179487179487181	153261.88647871045	0.4019283236341719
0.7179487179487181	170226.74260386958	0.36188667454252815
0.7179487179487181	189069.4716298515	0.3616917493983924
0.7179487179487181	209997.9389582617	0.3614356915911983
0.7179487179487181	233243.01901605987	0.3172444056941291
0.7179487179487181	259061.14216929968	0.31418999158259103
0.7179487179487181	287737.1235597027	0.3620262740867652
0.7179487179487181	319587.3050706517	0.4502350227325132
0.7179487179487181	354963.04508350854	0.4664323008459217
0.7179487179487181	394254.5945218393	0.4718288759912614
0.7179487179487181	437895.401942509	0.4768151452143981
0.7179487179487181	486366.8951656802	0.4821928379281947
0.7179487179487181	540203.7921927313	0.35887353286802703
0.7179487179487181	600000.0000000003	0.2724487965180568
0.7435897435897436	10000.0	
0.7435897435897436	11106.919438024492	
0.7435897435897436	12336.365940276655	
0.7435897435897436	13701.902265664208	
0.7435897435897436	15218.592461241791	
0.7435897435897436	16903.168042713947	
0.7435897435897436	18774.21256978144	
0.7435897435897436	20852.36665249092	
0.7435897435897436	23160.555650136557	
0.7435897435897436	25724.24257459497	
0.7435897435897436	28571.708988022667	
0.7435897435897436	31734.366993664804	
0.7435897435897436	35247.10576153392	
0.7435897435897436	39148.67641168862	
0.7435897435897436	43482.11950099161	
0.7435897435897436	48295.23982920676	
0.7435897435897436	53641.13380230722	
0.7435897435897436	59578.77517065188	
0.7435897435897436	66173.66560366057	
0.7435897435897436	73498.55727786303	
0.7435897435897436	81634.25544962553	
0.7435897435897436	90670.50986621024	0.3210271740488155
0.7435897435897436	100707.0048488604	0.3615781797322084
0.7435897435897436	111854.45897010346	0.3741761124455768
0.7435897435897436	124235.84645647575	0.3619463427146486
0.7435897435897436	137987.75379068567	0.4692432513105666
0.7435897435897436	153261.88647871045	0.1335935610700736
0.7435897435897436	170226.74260386958	0.26781784408786125
0.7435897435897436	189069.4716298515	0.26912234737419044
0.7435897435897436	209997.9389582617	0.29537541731706823
0.7435897435897436	233243.01901605987	0.31150398059047896
0.7435897435897436	259061.14216929968	0.35767462777615106
0.7435897435897436	287737.1235597027	0.3147851563442571
0.7435897435897436	319587.3050706517	0.3164451329919754
0.7435897435897436	354963.04508350854	0.3558889138724025
0.7435897435897436	394254.5945218393	0.437635177577652
0.7435897435897436	437895.401942509	0.4793812296166726
0.7435897435897436	486366.8951656802	0.481661855029744
0.7435897435897436	540203.7921927313	
0.7435897435897436	600000.0000000003	
0.7692307692307692	10000.0	
0.7692307692307692	11106.919438024492	
0.7692307692307692	12336.365940276655	
0.7692307692307692	13701.902265664208	
0.7692307692307692	15218.592461241791	
0.7692307692307692	16903.168042713947	
0.7692307692307692	18774.21256978144	
0.7692307692307692	20852.36665249092	
0.7692307692307692	23160.555650136557	
0.7692307692307692	25724.24257459497	
0.7692307692307692	28571.708988022667	
0.7692307692307692	31734.366993664804	
0.7692307692307692	35247.10576153392	
0.7692307692307692	39148.67641168862	
0.7692307692307692	43482.11950099161	
0.7692307692307692	48295.23982920676	
0.7692307692307692	53641.13380230722	
0.7692307692307692	59578.77517065188	
0.7692307692307692	66173.66560366057	
0.7692307692307692	73498.55727786303	
0.7692307692307692	81634.25544962553	
0.7692307692307692	90670.50986621024	
0.7692307692307692	100707.0048488604	0.26849013680367434
0.7692307692307692	111854.45897010346	0.3100132124683528
0.7692307692307692	124235.84645647575	0.3163608110228309
0.7692307692307692	137987.75379068567	0.4368848165515335
0.7692307692307692	153261.88647871045	
0.7692307692307692	170226.74260386958	
0.7692307692307692	189069.4716298515	
0.7692307692307692	209997.9389582617	
0.7692307692307692	233243.01901605987	
0.7692307692307692	259061.14216929968	0.28600493195800764
0.7692307692307692	287737.1235597027	0.1342938071703168
0.7692307692307692	319587.3050706517	0.3544368883171093
0.7692307692307692	354963.04508350854	0.3163596851889017
0.7692307692307692	394254.5945218393	0.4747966651103873
0.7692307692307692	437895.401942509	0.4769803695061249
0.7692307692307692	486366.8951656802	0.4783745738905546
0.7692307692307692	540203.7921927313	
0.7692307692307692	600000.0000000003	
0.7948717948717948	10000.0	
0.7948717948717948	11106.919438024492	
0.7948717948717948	12336.365940276655	
0.7948717948717948	13701.902265664208	
0.7948717948717948	15218.592461241791	
0.7948717948717948	16903.168042713947	
0.7948717948717948	18774.21256978144	
0.7948717948717948	20852.36665249092	
0.7948717948717948	23160.555650136557	
0.7948717948717948	25724.24257459497	
0.7948717948717948	28571.708988022667	
0.7948717948717948	31734.366993664804	
0.7948717948717948	35247.10576153392	
0.7948717948717948	39148.67641168862	
0.7948717948717948	43482.11950099161	
0.7948717948717948	48295.23982920676	
0.7948717948717948	53641.13380230722	
0.7948717948717948	59578.77517065188	
0.7948717948717948	66173.66560366057	
0.7948717948717948	73498.55727786303	
0.7948717948717948	81634.25544962553	
0.7948717948717948	90670.50986621024	
0.7948717948717948	100707.0048488604	
0.7948717948717948	111854.45897010346	0.3051211671057623
0.7948717948717948	124235.84645647575	0.31830645308498795
0.7948717948717948	137987.75379068567	0.22073937307301186
0.7948717948717948	153261.88647871045	
0.7948717948717948	170226.74260386958	
0.7948717948717948	189069.4716298515	
0.7948717948717948	209997.9389582617	
0.7948717948717948	233243.01901605987	
0.7948717948717948	259061.14216929968	
0.7948717948717948	287737.1235597027	0.17911658013707618
0.7948717948717948	319587.3050706517	0.3214144549554839
0.7948717948717948	354963.04508350854	0.4313201176995699
0.7948717948717948	394254.5945218393	0.4100505724535147
0.7948717948717948	437895.401942509	0.2380297344667432
0.7948717948717948	486366.8951656802	
0.7948717948717948	540203.7921927313	
0.7948717948717948	600000.0000000003	
0.8205128205128205	10000.0	
0.8205128205128205	11106.919438024492	
0.8205128205128205	12336.365940276655	
0.8205128205128205	13701.902265664208	
0.8205128205128205	15218.592461241791	
0.8205128205128205	16903.168042713947	
0.8205128205128205	18774.21256978144	
0.8205128205128205	20852.36665249092	
0.8205128205128205	23160.555650136557	
0.8205128205128205	25724.24257459497	
0.8205128205128205	28571.708988022667	
0.8205128205128205	31734.366993664804	
0.8205128205128205	35247.10576153392	
0.8205128205128205	39148.67641168862	
0.8205128205128205	43482.11950099161	
0.8205128205128205	48295.23982920676	
0.8205128205128205	53641.13380230722	
0.8205128205128205	59578.77517065188	
0.8205128205128205	66173.66560366057	
0.8205128205128205	73498.55727786303	
0.8205128205128205	81634.25544962553	
0.8205128205128205	90670.50986621024	
0.8205128205128205	100707.0048488604	
0.8205128205128205	111854.45897010346	0.38308235430132254
0.8205128205128205	124235.84645647575	0.32067457476141203
0.8205128205128205	137987.75379068567	0.4269745283178625
0.8205128205128205	153261.88647871045	
0.8205128205128205	170226.74260386958	
0.8205128205128205	189069.4716298515	
0.8205128205128205	209997.9389582617	
0.8205128205128205	233243.01901605987	
0.8205128205128205	259061.14216929968	0.2703689903812837
0.8205128205128205	287737.1235597027	0.273796619009776
0.8205128205128205	319587.3050706517	
0.8205128205128205	354963.04508350854	
0.8205128205128205	394254.5945218393	
0.8205128205128205	437895.401942509	
0.8205128205128205	486366.8951656802	0.3010700248445879
0.8205128205128205	540203.7921927313	
0.8205128205128205	600000.0000000003	
0.8461538461538461	10000.0	
0.8461538461538461	11106.919438024492	
0.8461538461538461	12336.365940276655	
0.8461538461538461	13701.902265664208	
0.8461538461538461	15218.592461241791	
0.8461538461538461	16903.168042713947	
0.8461538461538461	18774.21256978144	
0.8461538461538461	20852.36665249092	
0.8461538461538461	23160.555650136557	
0.8461538461538461	25724.24257459497	
0.8461538461538461	28571.708988022667	
0.8461538461538461	31734.366993664804	
0.8461538461538461	35247.10576153392	
0.8461538461538461	39148.67641168862	
0.8461538461538461	43482.11950099161	
0.8461538461538461	48295.23982920676	
0.8461538461538461	53641.13380230722	
0.8461538461538461	59578.77517065188	
0.8461538461538461	66173.66560366057	
0.8461538461538461	73498.55727786303	
0.8461538461538461	81634.25544962553	
0.8461538461538461	90670.50986621024	
0.8461538461538461	100707.0048488604	
0.8461538461538461	111854.45897010346	
0.8461538461538461	124235.84645647575	
0.8461538461538461	137987.75379068567	0.22170836603442529
0.8461538461538461	153261.88647871045	0.35692554751232697
0.8461538461538461	170226.74260386958	0.3620674799187894
0.8461538461538461	189069.4716298515	
0.8461538461538461	209997.9389582617	
0.8461538461538461	233243.01901605987	
0.8461538461538461	259061.14216929968	
0.8461538461538461	287737.1235597027	
0.8461538461538461	319587.3050706517	
0.8461538461538461	354963.04508350854	
0.8461538461538461	394254.5945218393	
0.8461538461538461	437895.401942509	
0.8461538461538461	486366.8951656802	
0.8461538461538461	540203.7921927313	0.3533427850496401
0.8461538461538461	600000.0000000003	
0.8717948717948718	10000.0	
0.8717948717948718	11106.919438024492	
0.8717948717948718	12336.365940276655	
0.8717948717948718	13701.902265664208	
0.8717948717948718	15218.592461241791	
0.8717948717948718	16903.168042713947	
0.8717948717948718	18774.21256978144	
0.8717948717948718	20852.36665249092	
0.8717948717948718	23160.555650136557	
0.8717948717948718	25724.24257459497	
0.8717948717948718	28571.708988022667	
0.8717948717948718	31734.366993664804	
0.8717948717948718	35247.10576153392	
0.8717948717948718	39148.67641168862	
0.8717948717948718	43482.11950099161	
0.8717948717948718	48295.23982920676	
0.8717948717948718	53641.13380230722	
0.8717948717948718	59578.77517065188	
0.8717948717948718	66173.66560366057	
0.8717948717948718	73498.55727786303	
0.8717948717948718	81634.25544962553	
0.8717948717948718	90670.50986621024	
0.8717948717948718	100707.0048488604	
0.8717948717948718	111854.45897010346	
0.8717948717948718	124235.84645647575	
0.8717948717948718	137987.75379068567	
0.8717948717948718	153261.88647871045	
0.8717948717948718	170226.74260386958	0.3562405022660682
0.8717948717948718	189069.4716298515	0.4220863927226531
0.8717948717948718	209997.9389582617	
0.8717948717948718	233243.01901605987	
0.8717948717948718	259061.14216929968	
0.8717948717948718	287737.1235597027	
0.8717948717948718	319587.3050706517	
0.8717948717948718	354963.04508350854	
0.8717948717948718	394254.5945218393	
0.8717948717948718	437895.401942509	
0.8717948717948718	486366.8951656802	
0.8717948717948718	540203.7921927313	0.3071631930927657
0.8717948717948718	600000.0000000003	0.35992497621001984
0.8974358974358974	10000.0	
0.8974358974358974	11106.919438024492	
0.8974358974358974	12336.365940276655	
0.8974358974358974	13701.902265664208	
0.8974358974358974	15218.592461241791	
0.8974358974358974	16903.168042713947	
0.8974358974358974	18774.21256978144	
0.8974358974358974	20852.36665249092	
0.8974358974358974	23160.555650136557	
0.8974358974358974	25724.24257459497	
0.8974358974358974	28571.708988022667	
0.8974358974358974	31734.366993664804	
0.8974358974358974	35247.10576153392	
0.8974358974358974	39148.67641168862	
0.8974358974358974	43482.11950099161	
0.8974358974358974	48295.23982920676	
0.8974358974358974	53641.13380230722	
0.8974358974358974	59578.77517065188	
0.8974358974358974	66173.66560366057	
0.8974358974358974	73498.55727786303	
0.8974358974358974	81634.25544962553	
0.8974358974358974	90670.50986621024	
0.8974358974358974	100707.0048488604	
0.8974358974358974	111854.45897010346	
0.8974358974358974	124235.84645647575	
0.8974358974358974	137987.75379068567	
0.8974358974358974	153261.88647871045	
0.8974358974358974	170226.74260386958	
0.8974358974358974	189069.4716298515	
0.8974358974358974	209997.9389582617	
0.8974358974358974	233243.01901605987	
0.8974358974358974	259061.14216929968	
0.8974358974358974	287737.1235597027	
0.8974358974358974	319587.3050706517	
0.8974358974358974	354963.04508350854	
0.8974358974358974	394254.5945218393	
0.8974358974358974	437895.401942509	
0.8974358974358974	486366.8951656802	
0.8974358974358974	540203.7921927313	
0.8974358974358974	600000.0000000003	0.2252063656996357
0.923076923076923	10000.0	
0.923076923076923	11106.919438024492	
0.923076923076923	12336.365940276655	
0.923076923076923	13701.902265664208	
0.923076923076923	15218.592461241791	
0.923076923076923	16903.168042713947	
0.923076923076923	18774.21256978144	
0.923076923076923	20852.36665249092	
0.923076923076923	23160.555650136557	
0.923076923076923	25724.24257459497	
0.923076923076923	28571.708988022667	
0.923076923076923	31734.366993664804	
0.923076923076923	35247.10576153392	
0.923076923076923	39148.67641168862	
0.923076923076923	43482.11950099161	
0.923076923076923	48295.23982920676	
0.923076923076923	53641.13380230722	
0.923076923076923	59578.77517065188	
0.923076923076923	66173.66560366057	
0.923076923076923	73498.55727786303	
0.923076923076923	81634.25544962553	
0.923076923076923	90670.50986621024	
0.923076923076923	100707.0048488604	
0.923076923076923	111854.45897010346	
0.923076923076923	124235.84645647575	
0.923076923076923	137987.75379068567	
0.923076923076923	153261.88647871045	
0.923076923076923	170226.74260386958	
0.923076923076923	189069.4716298515	
0.923076923076923	209997.9389582617	
0.923076923076923	233243.01901605987	
0.923076923076923	259061.14216929968	
0.923076923076923	287737.1235597027	
0.923076923076923	319587.3050706517	
0.923076923076923	354963.04508350854	
0.923076923076923	394254.5945218393	
0.923076923076923	437895.401942509	
0.923076923076923	486366.8951656802	
0.923076923076923	540203.7921927313	
0.923076923076923	600000.0000000003	
0.9487179487179488	10000.0	
0.9487179487179488	11106.919438024492	
0.9487179487179488	12336.365940276655	
0.9487179487179488	13701.902265664208	
0.9487179487179488	15218.592461241791	
0.9487179487179488	16903.168042713947	
0.9487179487179488	18774.21256978144	
0.9487179487179488	20852.36665249092	
0.9487179487179488	23160.555650136557	
0.9487179487179488	25724.24257459497	
0.9487179487179488	28571.708988022667	
0.9487179487179488	31734.366993664804	
0.9487179487179488	35247.10576153392	
0.9487179487179488	39148.67641168862	
0.9487179487179488	43482.11950099161	
0.9487179487179488	48295.23982920676	
0.9487179487179488	53641.13380230722	
0.9487179487179488	59578.77517065188	
0.9487179487179488	66173.66560366057	
0.9487179487179488	73498.55727786303	
0.9487179487179488	81634.25544962553	
0.9487179487179488	90670.50986621024	
0.9487179487179488	100707.0048488604	
0.9487179487179488	111854.45897010346	
0.9487179487179488	124235.84645647575	
0.9487179487179488	137987.75379068567	
0.9487179487179488	153261.88647871045	
0.9487179487179488	170226.74260386958	
0.9487179487179488	189069.4716298515	
0.9487179487179488	209997.9389582617	
0.9487179487179488	233243.01901605987	
0.9487179487179488	259061.14216929968	
0.9487179487179488	287737.1235597027	
0.9487179487179488	319587.3050706517	
0.9487179487179488	354963.04508350854	
0.9487179487179488	394254.5945218393	
0.9487179487179488	437895.401942509	
0.9487179487179488	486366.8951656802	
0.9487179487179488	540203.7921927313	
0.9487179487179488	600000.0000000003	
0.9743589743589745	10000.0	
0.9743589743589745	11106.919438024492	
0.9743589743589745	12336.365940276655	
0.9743589743589745	13701.902265664208	
0.9743589743589745	15218.592461241791	
0.9743589743589745	16903.168042713947	
0.9743589743589745	18774.21256978144	
0.9743589743589745	20852.36665249092	
0.9743589743589745	23160.555650136557	
0.9743589743589745	25724.24257459497	
0.9743589743589745	28571.708988022667	
0.9743589743589745	31734.366993664804	
0.9743589743589745	35247.10576153392	
0.9743589743589745	39148.67641168862	
0.9743589743589745	43482.11950099161	
0.9743589743589745	48295.23982920676	
0.9743589743589745	53641.13380230722	
0.9743589743589745	59578.77517065188	
0.9743589743589745	66173.66560366057	
0.9743589743589745	73498.55727786303	
0.9743589743589745	81634.25544962553	
0.9743589743589745	90670.50986621024	
0.9743589743589745	100707.0048488604	
0.9743589743589745	111854.45897010346	
0.9743589743589745	124235.84645647575	
0.9743589743589745	137987.75379068567	
0.9743589743589745	153261.88647871045	
0.9743589743589745	170226.74260386958	
0.9743589743589745	189069.4716298515	
0.9743589743589745	209997.9389582617	
0.9743589743589745	233243.01901605987	
0.9743589743589745	259061.14216929968	
0.9743589743589745	287737.1235597027	
0.9743589743589745	319587.3050706517	
0.9743589743589745	354963.04508350854	
0.9743589743589745	394254.5945218393	
0.9743589743589745	437895.401942509	
0.9743589743589745	486366.8951656802	
0.9743589743589745	540203.7921927313	
0.9743589743589745	600000.0000000003	
1.0	10000.0	
1.0	11106.919438024492	
1.0	12336.365940276655	
1.0	13701.902265664208	
1.0	15218.592461241791	
1.0	16903.168042713947	
1.0	18774.21256978144	
1.0	20852.36665249092	
1.0	23160.555650136557	
1.0	25724.24257459497	
1.0	28571.708988022667	
1.0	31734.366993664804	
1.0	35247.10576153392	
1.0	39148.67641168862	
1.0	43482.11950099161	
1.0	48295.23982920676	
1.0	53641.13380230722	
1.0	59578.77517065188	
1.0	66173.66560366057	
1.0	73498.55727786303	
1.0	81634.25544962553	
1.0	90670.50986621024	
1.0	100707.0048488604	
1.0	111854.45897010346	
1.0	124235.84645647575	
1.0	137987.75379068567	
1.0	153261.88647871045	
1.0	170226.74260386958	
1.0	189069.4716298515	
1.0	209997.9389582617	
1.0	233243.01901605987	
1.0	259061.14216929968	
1.0	287737.1235597027	
1.0	319587.3050706517	
1.0	354963.04508350854	
1.0	394254.5945218393	
1.0	437895.401942509	
1.0	486366.8951656802	
1.0	540203.7921927313	
1.0	600000.0000000003	
